,HORIZONTAL_APPROACH_ANGLE,HORIZONTAL_BREAK,RELEASE_HEIGHT,PITCH_TYPE_TRACKED_KEY_SI,PITCH_TYPE_TRACKED_KEY_SW,PITCH_TYPE_TRACKED_KEY_CH
HORIZONTAL_APPROACH_ANGLE,1.0,0.8762159707693145,0.2718885135428717,0.4721022164488536,-0.8472415530469439,0.2921646244852032
HORIZONTAL_BREAK,0.8762159707693145,1.0,0.1990791103001182,0.5973411207665037,-0.9400588695811408,0.25256278058188675
RELEASE_HEIGHT,0.2718885135428717,0.1990791103001182,1.0,-0.5003935767305812,-0.3920895242389031,0.8471200402848041
PITCH_TYPE_TRACKED_KEY_SI,0.4721022164488536,0.5973411207665037,-0.5003935767305812,1.0,-0.4290153716437877,-0.5570254636777953
PITCH_TYPE_TRACKED_KEY_SW,-0.8472415530469439,-0.9400588695811408,-0.3920895242389031,-0.4290153716437877,1.0,-0.4432224746180147
PITCH_TYPE_TRACKED_KEY_CH,0.2921646244852032,0.25256278058188675,0.8471200402848041,-0.5570254636777953,-0.4432224746180147,1.0
