INDUCED_VERTICAL_BREAK,HORIZONTAL_BREAK,SPIN_RATE_ABSOLUTE,RELEASE_SPEED,RELEASE_SIDE,RELEASE_HEIGHT,RELEASE_EXTENSION,HORIZONTAL_APPROACH_ANGLE,VERTICAL_APPROACH_ANGLE,PLATE_X,PLATE_Z,explained_var
0.24923731268752994,0.247378157188089,0.1862199360631391,0.12111913520364617,0.29035460680992115,0.10984244580301936,0.22770449698178594,0.4196757215276987,0.4393662893704897,0.41850950451371455,0.36714567738967074,0.3194114474036652
0.37767844475452367,0.3660912618614318,0.10514710706495047,0.48551878483350175,0.33399043705682624,0.3623641309269983,0.03189872769002055,0.21700245572782872,0.11337153306218126,0.25400107452047366,0.32896375999753685,0.22787109160031968
0.06599576549138622,0.29809218432810675,0.5782983431151422,0.26525774156054527,0.06636823013640833,0.1640028491522522,0.48151774783573464,0.07685484593122749,0.36899092616241885,0.0007772872183320309,0.3110825812885675,0.10837143309783911
0.3340869715115916,0.041394498105936386,0.48223630683585156,0.09854250548433643,0.002689604078649036,0.4914132505092389,0.2836259515566595,0.31554990760674134,0.24410973529621827,0.32981015513540174,0.23352937148232783,0.09241940965304862
0.04281490697326941,0.4098015571116829,0.04523532902592187,0.2081242810773899,0.27032687129050403,0.2971377727321061,0.5283113465272671,0.42046097721310727,0.22571921850197868,0.2574109338402086,0.22447778542129543,0.0763455295085333
0.2754764096350481,0.17703220833792627,0.47877101320669935,0.07979849664113602,0.386660108358501,0.42057745347000836,0.5503775208409578,0.008898601591908575,0.07641812509156377,0.13739705007299985,0.055490073532999104,0.06127296565081196
0.4220590644883173,0.057284826383386056,0.1970243470343211,0.3175808228779833,0.6100525890473704,0.5247846474875711,0.07625971604613585,0.06054763105589276,0.10658833200595953,0.09662386581019805,0.034154514217329394,0.046983676624303805
0.6213632611669218,0.5229327064562349,0.07829825112682642,0.1825838118092807,0.24139450693960568,0.18730948020630664,0.033311836727251916,0.0816551337670239,0.1778406439624287,0.2877597415949441,0.2922589014997702,0.03721473327883577
0.09027705488251354,0.44624772393223544,0.33326546571149973,0.691300066166419,0.35106922805053087,0.050237089575698744,0.21394807787098416,0.07200906301718409,0.022759923564823703,0.12564550444135608,0.10350898505978848,0.02993813809018966
